[
    {
        "id": 1,
        "script": "AADR",
        "name": "iShares",
        "basis": "MF",
        "description": "by BlackRxx",
        "quantity": 430,
        "price": 50.30,
        "average_cost": 41.75,
        "invested_amount": 17952.07,
        "portfolio_value": 22.06,
        "unrealized_pl": 3676.93,
        "returns": 20.48
    },
    {
        "id": 2,
        "script": "MFEM",
        "name": "iShares",
        "basis": "MF",
        "description": "by BlackRxx",
        "quantity": 210,
        "price": 23.20,
        "average_cost": 22.50,
        "invested_amount": 4725.84,
        "portfolio_value": 5.81,
        "unrealized_pl": 146.16,
        "returns": 3.09
    },
    {
        "id": 3,
        "script": "JPEM",
        "name": "iShares",
        "basis": "MF",
        "description": "by BlackRxx",
        "quantity": 328,
        "price": 52.50,
        "average_cost": 56.70,
        "invested_amount": 18597.60,
        "portfolio_value": 22.86,
        "unrealized_pl": -1377.60,
        "returns": -7.41
    },
    {
        "id": 4,
        "script": "KEMQ",
        "name": "iShares",
        "basis": "MF",
        "description": "by BlackRxx",
        "quantity": 801,
        "price": 20.40,
        "average_cost": 22.24,
        "invested_amount": 17811.04,
        "portfolio_value": 21.89,
        "unrealized_pl": -1470.64,
        "returns": -8.26
    },
    {
        "id": 5,
        "script": "KLDW",
        "name": "iShares",
        "basis": "ETF",
        "description": "by BlackRxx",
        "quantity": 523,
        "price": 32.90,
        "average_cost": 26.32,
        "invested_amount": 13765.36,
        "portfolio_value": 16.92,
        "unrealized_pl": 3441.34,
        "returns": 25.00
    },
    {
        "id": 6,
        "script": "KOIN",
        "name": "iShares",
        "basis": "ETF",
        "description": "by BlackRxx",
        "quantity": 335,
        "price": 25.40,
        "average_cost": 8509.00,
        "invested_amount": 10.46,
        "portfolio_value": 16.92,
        "unrealized_pl": 0,
        "returns": 0
    }
]